category,method,num_meshes,matched_id_count,mean_gt_cd_l1,mean_gt_f1_1pct,mean_gt_f1_2pct,mean_gt_normal_consistency,mean_num_vertices,mean_num_faces,mean_gt_num_vertices,mean_gt_num_faces,mean_num_components,mean_nonmanifold_edge_count,mean_nonmanifold_vertex_count,mean_is_watertight,mean_vertex_ratio_to_gt,mean_face_ratio_to_gt
chair,ours,100,100,0.1432240624270692,0.06623335525508588,0.19974295586345978,0.5138352015331275,201.57,373.4,219.88,421.77,26.72,43.24,55.98,0.0,1.3315925163499565,1.2899175895461912
chair,psr,100,100,0.2277128897542183,0.02556173227055013,0.09421327555480216,0.5190699203093341,7285.26,14328.02,219.88,421.77,18.36,8.8,13.71,0.0,52.15183379363407,53.97227590255742
chair,sap,100,100,0.2270895877909874,0.033239060750300434,0.10571352337511788,0.51860140402109,23671.43,47345.1,219.88,421.77,1.69,0.0,0.0,1.0,164.94944057937363,172.5004074654359
chair,meshanything,100,100,0.20816393838660635,0.042500543058803276,0.13843301417360906,0.4713225039868629,221.7,396.08,219.88,421.77,21.08,16.94,19.94,0.02,1.4438471424955184,1.3668718693285107
chair,meshanything_v2,100,100,0.20502694003459399,0.04160387778148204,0.13908467676136552,0.47526456611169926,558.06,1014.36,219.88,421.77,46.76,57.99,66.46,0.01,3.4594941363600906,3.279214716372475
chair,fastmesh_v1k,100,100,0.12175713799995946,0.06484820887959597,0.19699489480753957,0.6180748687875651,263.71,2248.39,219.88,421.77,2085.53,1179.18,257.07,0.0,1.2906881859759252,5.257639173245484
chair,nksr,100,100,0.20251233019483142,0.0362135031942587,0.12423173422059054,0.5130328006366933,8898.77,17732.63,219.88,421.77,2.85,4.92,9.27,0.0,65.52301566258235,68.74736383178819
chair,treemeshgpt9,100,100,0.09277258149638545,0.12471847190473431,0.33826074392365435,0.6167116120603117,762.28,1376.34,219.88,421.77,17.23,21.4,25.1,0.02,3.6744085745046817,3.4351191863318946
table,ours,100,100,0.15600208809473629,0.0660515061139874,0.19219005928151123,0.6090094957920335,121.87,230.79,184.09,342.9,22.16,34.69,38.77,0.01,1.198975457072399,1.2389464246074733
table,psr,100,100,0.29118850583166334,0.01709780596302654,0.06527694944996579,0.5937519499704685,6946.42,13643.8,184.09,342.9,16.22,7.49,11.69,0.0,70.29255868136511,74.17750010594314
table,sap,100,100,0.3468175247814249,0.01838104096703023,0.05847069147028801,0.61333345480534,21414.84,42829.92,184.09,342.9,1.29,0.0,0.0,1.0,228.8298412088739,249.14091587780814
table,meshanything,100,100,0.30750544827767795,0.021024303773186502,0.06112120046165579,0.541868425363058,171.2,310.04,184.09,342.9,20.27,23.72,24.23,0.05,1.538438534800096,1.4908491813224405
table,meshanything_v2,100,100,0.3005654986983839,0.019402859723230845,0.06761218918793264,0.5597109791979564,406.75,765.8,184.09,342.9,45.0,55.85,61.38,0.03,3.6655588965131756,3.649883676733661
table,fastmesh_v1k,100,100,0.15307811613720118,0.0718118252122624,0.20558518866025147,0.6984925236696539,181.59,1531.17,184.09,342.9,1429.61,810.51,179.32,0.0,1.1909200513237916,5.277669832115428
table,nksr,100,100,0.3093630304459403,0.016626974197600185,0.06852759460741435,0.6022335963910809,9259.72,18369.73,184.09,342.9,2.41,5.33,10.22,0.0,92.86988026603018,99.42602700138059
table,treemeshgpt9,100,100,0.10794811923806756,0.17490154122187776,0.3728785818593036,0.720644912726985,713.87,1337.68,184.09,342.9,23.22,30.83,29.44,0.11,3.6721558031273442,3.6831433453893685
bench,ours,100,100,0.11330067563706006,0.10515864830385845,0.26603806949064623,0.5066112318182336,188.4,350.81,213.76,392.65,31.59,48.45,59.84,0.0,1.7377765595297385,1.8020669269936973
bench,psr,100,100,0.31854990680459117,0.025394109802211094,0.08063146969741702,0.4705881209790838,6697.66,13182.59,213.76,392.65,15.62,6.54,10.4,0.0,64.41673143987187,71.09242595962243
bench,sap,100,100,0.351813872903226,0.023976260649736868,0.07799154076020963,0.42958814968292025,15323.29,30653.94,213.76,392.65,1.23,0.0,0.0,1.0,160.43022489489258,184.43248136751419
bench,meshanything,100,100,0.12187319389407915,0.1048374456965482,0.26514011597653314,0.5714323567930125,110.21,187.9,213.76,392.65,12.16,6.48,9.11,0.2,0.8374405135167632,0.7994069011712353
bench,meshanything_v2,100,100,0.347142285595894,0.027555523660744197,0.08054434912953896,0.37513126094413346,475.22,855.07,213.76,392.65,45.99,57.09,60.88,0.05,3.3304217906914397,3.2566868586179334
bench,fastmesh_v1k,100,100,0.07063004519429998,0.16080181316296932,0.405904538284423,0.658152270635833,257.15,1960.46,213.76,392.65,1806.65,1069.98,247.23,0.0,1.2804770622018615,5.444452041722364
bench,nksr,100,100,0.3319610632797151,0.029627547871184764,0.08752119849495418,0.41695731505178174,9090.93,18102.84,213.76,392.65,1.93,4.65,8.91,0.0,88.41674813619142,98.66782043372706
bench,treemeshgpt9,100,100,0.07545107629018251,0.19972324538450337,0.4227939162503192,0.6266607894772861,777.29,1366.4,213.76,392.65,20.28,17.71,22.96,0.1,3.9868246581052142,3.7957771446794157
display,ours,100,100,0.126209312449878,0.1114279880209224,0.30733583018526206,0.6000882698011435,146.37,279.17,198.49,371.03,22.39,38.91,47.48,0.0,1.6891956659218932,2.035123821689201
display,psr,100,100,0.38753320814807357,0.0181164147009643,0.06482858588078094,0.32197813178897694,6158.64,12061.31,198.49,371.03,20.24,9.66,15.06,0.0,66.63692206331406,76.1386808267112
display,sap,100,100,0.3952722841562493,0.018336547624018384,0.06582147649606818,0.20676621859807523,20485.87,40968.14,198.49,371.03,1.14,0.0,0.0,1.0,220.00394787822344,259.16612548607833
display,meshanything,100,100,0.20895344990188594,0.07262682772931119,0.22405037523840898,0.6358712901965994,87.16,152.36,198.49,371.03,6.92,5.23,6.86,0.19,0.8735003137266361,0.8016507457625385
display,meshanything_v2,100,100,0.3738891530962238,0.023882869137448647,0.08168309156117673,0.16318035004526124,489.32,861.01,198.49,371.03,48.84,61.65,61.72,0.06,5.627059073710618,6.6636350556806985
display,fastmesh_v1k,100,100,0.10379000172482016,0.1448478810127239,0.39092983657674735,0.7179464074404686,200.8,1530.56,198.49,371.03,1397.19,837.15,195.87,0.0,1.2317579228951363,4.534537029144987
display,nksr,100,100,0.3784799518564556,0.020753927074195596,0.07232393448245301,0.20181856157342185,7698.46,15325.08,198.49,371.03,2.65,5.59,10.62,0.01,84.46334012838501,101.16675128428908
display,treemeshgpt9,100,100,0.09665707788339169,0.1601816776215376,0.41982060059286364,0.6895096062801366,808.86,1346.13,198.49,371.03,9.74,13.94,17.26,0.14,5.630526357403259,4.885750240246566
all,ours,400,400,0.13468403465218587,0.08721787442346353,0.2413267287052198,0.5573860497361345,164.5525,308.5425,204.055,382.0875,25.715,41.3225,50.5175,0.0025,1.4893850497184968,1.591513690709141
all,psr,400,400,0.3062461276346366,0.021542515684188017,0.07623757014574148,0.4763470307619659,6771.995,13303.93,204.055,382.0875,17.61,8.1225,12.715,0.0,63.374511494546276,68.84522069870854
all,sap,400,400,0.3302483174079719,0.023483227497771476,0.07699930802542092,0.44207230677685627,20223.8575,40449.275,204.055,382.0875,1.3375,0.0,0.0,1.0,193.5533636403409,216.30998254920917
all,meshanything,400,400,0.21162400761506234,0.06024728006446229,0.17218617646255174,0.5551236440848831,147.5675,261.595,204.055,382.0875,15.1075,13.0925,15.035,0.115,1.1733066261347533,1.114694674396181
all,meshanything_v2,400,400,0.3066559693562739,0.028111282575726433,0.09223107666000345,0.3933217890747626,482.3375,874.06,204.055,382.0875,46.6475,58.145,62.61,0.0375,4.0206334743188314,4.212355076851193
all,fastmesh_v1k,400,400,0.11231382526407022,0.11057743206688792,0.2998536145822403,0.6731665176333803,225.8125,1817.645,204.055,382.0875,1679.745,974.205,219.8725,0.0,1.2484608055991786,5.128574519057065
all,nksr,400,400,0.30557909394423555,0.025805488084309814,0.08815111545135303,0.4335105684132444,8736.97,17382.57,204.055,382.0875,2.46,5.1225,9.755,0.0025,82.81824604829723,92.00199063779623
all,treemeshgpt9,400,400,0.09320721372700679,0.1648812340331633,0.3884384606565352,0.6633817301361798,765.575,1356.6375,204.055,382.0875,17.6175,20.97,23.69,0.0925,4.240978848285125,3.9499474791618114
